Model,Fold,Training_Samples,Validation_Samples,Head_Epochs_Completed,FineTune_Epochs_Completed,Selected_Stage,Selected_Validation_Loss,Accuracy,Macro_Precision,Macro_Recall,Macro_F1
CT_ResNet50,1,1587,397,10,11,Fine-tuned,0.4134860038757324,0.9143576826196473,0.9210206718346252,0.9135825972179916,0.9138982445397019
CT_ResNet50,2,1587,397,10,8,Fine-tuned,0.1589500606060028,0.9622166246851386,0.9623685947894978,0.9621573604060913,0.9622079924860223
CT_ResNet50,3,1587,397,9,6,Fine-tuned,0.23520007729530334,0.9521410579345088,0.9522878472398557,0.9520812182741116,0.9521301238156283
CT_ResNet50,4,1587,397,10,13,Fine-tuned,0.2039605677127838,0.9571788413098237,0.95826122365876,0.957005076142132,0.9571396818340583
CT_ResNet50,5,1588,396,10,8,Fine-tuned,0.20169849693775177,0.9570707070707071,0.958716536441655,0.9567857142857144,0.9570090235070982
