Dataset,Protocol,Method,Accuracy,Macro_Precision,Macro_Recall,Macro_F1,ROC_AUC_OVR,Log_Loss,Seed
CIFAR-10,Common baseline,Soft Voting,0.9147,0.9145065942853098,0.9147000000000001,0.913989451523781,0.995331788888889,0.26048061281454277,42
CIFAR-10,Fixed hold-out,LogisticRegression,0.9163,0.916242505544813,0.9163,0.9160466444891728,0.9929066944444443,0.2871930145732498,42
CIFAR-10,Fixed hold-out,LightGBM,0.9131,0.9134003022908439,0.9130999999999998,0.9129470173092068,0.9946683833333333,0.2907027230800259,42
CIFAR-10,Five-fold OOF,LogisticRegression,0.9185,0.918287254295912,0.9185000000000001,0.9181802064310279,0.993758311111111,0.2759289154908347,42
CIFAR-10,Five-fold OOF,LightGBM,0.9198,0.919804336414732,0.9198000000000001,0.9196484342027729,0.9956156888888887,0.24608403505462692,42
